{
    "analytic_type": "Bit Error Rate Test",
    "Midpoint 1 Values": {
        "STD": 987.5470373022721,
        "range": 3578.0,
        "mean": -430.5483870967742,
        "max": 234.0,
        "min": -3344.0,
        "passing_range": [
            -1418.0954243990464,
            556.9986502054978
        ]
    },
    "Eye Opening 1 Values": {
        "STD": 1953.0333321963901,
        "range": 7159.0,
        "mean": -1137.3548387096773,
        "max": 219.0,
        "min": -6940.0,
        "passing_range": [
            -3090.3881709060674,
            815.6784934867128
        ]
    },
    "Midpoint 2 Values": {
        "STD": 3.4713034973715104,
        "range": 9.0,
        "mean": 240.41935483870967,
        "max": 247.0,
        "min": 238.0,
        "passing_range": [
            236.94805134133816,
            243.89065833608117
        ]
    },
    "Eye Opening 2 Values": {
        "STD": 7.67267405532186,
        "range": 23.0,
        "mean": 181.96774193548387,
        "max": 199.0,
        "min": 176.0,
        "passing_range": [
            174.295067880162,
            189.64041599080574
        ]
    },
    "Midpoint 3 Values": {
        "STD": 0.0,
        "range": 0.0,
        "mean": 106.0,
        "max": 106.0,
        "min": 106.0,
        "passing_range": [
            106.0,
            106.0
        ]
    },
    "Eye Opening 3 Values": {
        "STD": 0.0,
        "range": 0.0,
        "mean": 211.0,
        "max": 211.0,
        "min": 211.0,
        "passing_range": [
            211.0,
            211.0
        ]
    },
    "Midpoint 4 Values": {
        "STD": 87.6033651398665,
        "range": 386.0,
        "mean": 977.1724137931035,
        "max": 1239.0,
        "min": 853.0,
        "passing_range": [
            889.569048653237,
            1064.77577893297
        ]
    },
    "Eye Opening 4 Values": {
        "STD": 154.46621678677366,
        "range": 692.0,
        "mean": -1217.344827586207,
        "max": -1018.0,
        "min": -1710.0,
        "passing_range": [
            -1371.8110443729806,
            -1062.8786107994333
        ]
    },
    "Midpoint 6 Values": {
        "STD": 2621.586119550953,
        "range": 6988.0,
        "mean": 1758.1333333333334,
        "max": 3819.0,
        "min": -3169.0,
        "passing_range": [
            -863.4527862176194,
            4379.7194528842865
        ]
    },
    "Eye Opening 6 Values": {
        "STD": 2419.2862815760814,
        "range": 7069.0,
        "mean": -5252.566666666667,
        "max": 189.0,
        "min": -6880.0,
        "passing_range": [
            -7671.8529482427475,
            -2833.2803850905852
        ]
    },
    "Midpoint 7 Values": {
        "STD": 0.2956500448358606,
        "range": 1.0,
        "mean": 287.0967741935484,
        "max": 288.0,
        "min": 287.0,
        "passing_range": [
            286.8011241487126,
            287.39242423838425
        ]
    },
    "Eye Opening 7 Values": {
        "STD": 0.17668469596940842,
        "range": 1.0,
        "mean": 198.96774193548387,
        "max": 199.0,
        "min": 198.0,
        "passing_range": [
            198.79105723951446,
            199.14442663145329
        ]
    },
    "Midpoint 8 Values": {
        "STD": 0.0,
        "range": 0.0,
        "mean": 106.0,
        "max": 106.0,
        "min": 106.0,
        "passing_range": [
            106.0,
            106.0
        ]
    },
    "Eye Opening 8 Values": {
        "STD": 0.0,
        "range": 0.0,
        "mean": 211.0,
        "max": 211.0,
        "min": 211.0,
        "passing_range": [
            211.0,
            211.0
        ]
    },
    "Midpoint 9 Values": {
        "STD": 0.0,
        "range": 0.0,
        "mean": 106.0,
        "max": 106.0,
        "min": 106.0,
        "passing_range": [
            106.0,
            106.0
        ]
    },
    "Eye Opening 9 Values": {
        "STD": 0.0,
        "range": 0.0,
        "mean": 211.0,
        "max": 211.0,
        "min": 211.0,
        "passing_range": [
            211.0,
            211.0
        ]
    },
    "Midpoint 10 Values": {
        "STD": 3.3181426262336868e+16,
        "range": 1.8185030421861363e+17,
        "mean": 6270700145464049.0,
        "max": 1.8185030421860566e+17,
        "min": -7965.0,
        "passing_range": [
            -2.691072611687282e+16,
            3.945212640780092e+16
        ]
    },
    "Eye Opening 10 Values": {
        "STD": 6.636285252468141e+16,
        "range": 3.637006084372701e+17,
        "mean": -1.2541400290950842e+16,
        "max": -4587.0,
        "min": -3.637006084372747e+17,
        "passing_range": [
            -7.890425281563226e+16,
            5.382145223373057e+16
        ]
    }
}
