Test ID,Voltage
125,1.0462646484375
130,1.046142578125
132,1.04620361328125
133,1.04620361328125
134,1.04620361328125
135,1.046142578125
136,1.04608154296875
146,1.1082763671875
156,1.10174560546875
170,0.2855224609375
172,0.28570556640625
174,1.0294189453125
177,1.04022216796875
188,0.2613525390625
199,0.0162353515625
200,1.0264892578125
201,1.0267333984375
203,1.08099365234375
218,1.0819091796875
220,1.05157470703125
230,0.359130859375
232,0.991455078125
234,1.29156494140625
244,0.2911376953125
246,1.309326171875
256,1.308837890625
