{
    "analytic_type": "General Resistance Test",
    "RTD -> VMON_LVS": {
        "STD": 0.9859155499515729,
        "range": 3.5618841648101807,
        "mean": 333.4912990148251,
        "max": 334.77509021759033,
        "min": 331.21320605278015,
        "passing_range": [
            332.5053834648735,
            334.47721456477666
        ]
    },
    "ECON_RE_Sb -> HGCROC_RE_Sb": {
        "STD": 1.1544632311280068,
        "range": 4.775255918502808,
        "mean": 339.11471527356366,
        "max": 341.38575196266174,
        "min": 336.61049604415894,
        "passing_range": [
            337.9602520424356,
            340.2691785046917
        ]
    },
    "PWR_EN -> PG_LDO": {
        "STD": 1.0832282570154954,
        "range": 4.9273669719696045,
        "mean": 333.2633857543652,
        "max": 335.5630040168762,
        "min": 330.6356370449066,
        "passing_range": [
            332.1801574973497,
            334.34661401138067
        ]
    },
    "RTD -> HGCROC_RE_Sb": {
        "STD": 0.8547402102203092,
        "range": 3.5110414028167725,
        "mean": 342.17555018571704,
        "max": 344.2649245262146,
        "min": 340.7538831233978,
        "passing_range": [
            341.32080997549673,
            343.03029039593736
        ]
    },
    "HGCROC_RE_Hb -> HGCROC_RE_Sb": {
        "STD": 66617.3308112435,
        "range": 249999.97019767764,
        "mean": 19230.766938282897,
        "max": 249999.97019767764,
        "min": 0.0,
        "passing_range": [
            -47386.56387296061,
            85848.09774952641
        ]
    },
    "PG_DCDC -> ECON_RE_Hb": {
        "STD": 0.9415052897301623,
        "range": 4.396796226501465,
        "mean": 332.81399195010846,
        "max": 335.0209593772888,
        "min": 330.62416315078735,
        "passing_range": [
            331.8724866603783,
            333.75549723983863
        ]
    }
}
