{
    "analytic_type": "ID Resistor Test",
    "WAGON_TYPE -> GND": {
        "STD": 2.9103830456733704e-11,
        "range": 0.0,
        "mean": 249999.97019767767,
        "max": 249999.97019767764,
        "min": 249999.97019767764,
        "passing_range": [
            249999.97019767764,
            249999.9701976777
        ]
    },
    "VMON_REF0 -> PROBE_DC": {
        "STD": 1.248656145224579,
        "range": 3.380894660949707,
        "mean": 137.43538326687283,
        "max": 138.90454173088074,
        "min": 135.52364706993103,
        "passing_range": [
            136.18672712164826,
            138.6840394120974
        ]
    }
}