Test ID,Voltage
125,1.0462646484375
130,1.046142578125
132,1.04620361328125
133,1.04620361328125
134,1.04620361328125
135,1.046142578125
136,1.04608154296875
146,1.1082763671875
156,1.10174560546875
170,0.2855224609375
172,0.28570556640625
174,1.0294189453125
177,1.04022216796875
188,0.2613525390625
199,0.0162353515625
200,1.0264892578125
201,1.0267333984375
203,1.08099365234375
218,1.0819091796875
220,1.05157470703125
230,0.359130859375
232,0.991455078125
234,1.29156494140625
244,0.2911376953125
246,1.309326171875
256,1.308837890625
267,1.08544921875
278,1.039794921875
288,0.26495361328125
289,1.13677978515625
290,1.13726806640625
301,1.13818359375
303,1.09613037109375
314,1.1456298828125
315,1.14263916015625
